controller,task,terreno,ripetizione,seed,condizione,durata,err_vx_rms,err_vy_rms,dev_lat_rms,dev_lat_max,yaw_err_fin,distanza,distanza_regime,vel_media,perdita_avvio,avanzamento,frazione_task,successo,causa_fallimento,roll_rms,pitch_rms,roll_max,pitch_max,z_rms,z_max,z_media,tau_rms,tau_max,tau_rms_giunto_peggiore,frazione_saturo,energia,cot,potenza_max,slip_tot,slip_per_passo,distacchi,frazione_persa,Fz_max_norm,appoggio_medio,disp_carico,appoggi_scartati,appoggi_totali,note,fattore,z0,H,T_gait,v_cmd
C1,T2,T2,1,NaN,v0.50x,20,0.0404802727484777,0.00678136561642779,0.00424304205530572,0.0111767281945011,0.0480001271237209,1.02914464150936,0.825918483320544,0.051619905207534,0.0367278720351469,1.0290858277143,0.857571523095249,1,,0.00515449240890882,0.0118044541143136,0.0141083938584872,0.0215926245673401,0.00436368297703289,0.0174910397400364,0.152116381586873,0.378802953784826,2.72447585679133,0.807464276089002,0.0106737477871498,24.5655572337498,1.53484696371021,13.5077949376692,0.885702344020903,0.0147617057336817,42,0.105748203686348,0.912071021502722,3.18994064354889,0.261118411421075,10,89,"tau da torque_sens; pf dalla FK dell'URDF: l'origine puo' essere sfalsata di qualche mm rispetto al frame Simscape, lo scivolamento (moto relativo) non ne risente; Fc RICOSTRUITA dalla penetrazione (k=1200, c=50, w=0.002), quota del terreno stimata a z=0.00559 m dall'equilibrio dei pesi: solo la componente normale, nessun attrito; andatura a T = 2.000 s invece di cfg.T = 1.000 s",0.5,0.14,0.035,2,0.06
C1,T2,T2,1,NaN,v0.50x,20,0.0421990459936093,0.00929775116889192,0.0110015171232819,0.0159779324980176,0.0562402113119798,1.01594997897229,0.812635337075348,0.0507897085672093,0.0366809874327203,1.01591690438112,0.8465974203176,1,,0.00501345052990571,0.0117827231017169,0.0135763237164427,0.021597504580516,0.00628799606037863,0.0268086812013675,0.152098629239545,0.391852557710955,3.47666782135067,0.813802224588684,0.0119927800340171,34.9797710323997,2.2139077131055,28.9493389824993,0.911988263954049,0.0151998043992342,36,0.108247422680412,1.32594796566925,3.13808184942206,0.27960948008437,12,91,"tau da torque_sens; pf dalla FK dell'URDF: l'origine puo' essere sfalsata di qualche mm rispetto al frame Simscape, lo scivolamento (moto relativo) non ne risente; Fc RICOSTRUITA dalla penetrazione (k=1200, c=50, w=0.002), quota del terreno stimata a z=0.00557 m dall'equilibrio dei pesi: solo la componente normale, nessun attrito; andatura a T = 2.000 s invece di cfg.T = 1.000 s",0.5,0.14,0.05,2,0.06
C1,T2,T2,1,NaN,v0.50x,20,0.0431541571141836,0.0123505021887815,0.017816089831767,0.0297077251968565,0.0611636446332868,1.00601587554825,0.804661369249894,0.0502913355781184,0.0386397639699544,1.00577125402341,0.838142711686171,1,,0.00510375719739345,0.0117762984522795,0.0139847849722217,0.0216659598369494,0.00829182440538088,0.0364659848332702,0.152103822326413,0.415665247958259,5.81025048776503,0.822448420020762,0.0129126314693325,51.116207018539,3.26714690564837,67.6079184199359,0.911735421340701,0.0151955903556784,28,0.114183067791315,1.8881054561884,3.06216807247735,0.296977191262982,18,96,"tau da torque_sens; pf dalla FK dell'URDF: l'origine puo' essere sfalsata di qualche mm rispetto al frame Simscape, lo scivolamento (moto relativo) non ne risente; Fc RICOSTRUITA dalla penetrazione (k=1200, c=50, w=0.002), quota del terreno stimata a z=0.00555 m dall'equilibrio dei pesi: solo la componente normale, nessun attrito; andatura a T = 2.000 s invece di cfg.T = 1.000 s",0.5,0.14,0.065,2,0.06
C1,T2,T2,1,NaN,v0.50x,20,0.0404326733428271,0.00675461931989896,0.00426431189650353,0.0112485278610253,0.0482305817885123,1.02697964295444,0.824318708070005,0.0515199192543753,0.037291606394633,1.02691957268906,0.85576631057422,1,,0.00517094877225878,0.0119739226405408,0.014062147829929,0.0216476861062504,0.00431339843423502,0.0172670041607077,0.154197708314636,0.378487959110852,2.70209302978435,0.812480521514497,0.0107778819119025,24.3307261640862,1.5233795192223,13.231818125914,0.878513308485273,0.0146418884747546,43,0.106581276684369,0.896384166507242,3.18306779131521,0.263421309362011,11,90,"tau da torque_sens; pf dalla FK dell'URDF: l'origine puo' essere sfalsata di qualche mm rispetto al frame Simscape, lo scivolamento (moto relativo) non ne risente; Fc RICOSTRUITA dalla penetrazione (k=1200, c=50, w=0.002), quota del terreno stimata a z=0.00565 m dall'equilibrio dei pesi: solo la componente normale, nessun attrito; andatura a T = 2.000 s invece di cfg.T = 1.000 s",0.5,0.142,0.035,2,0.06
C1,T2,T2,1,NaN,v0.50x,20,0.0421804686663601,0.00928794051478474,0.0108894245226771,0.0157486293222889,0.056854653924876,1.0135963005151,0.810883777767169,0.0506802361104481,0.0372838657638144,1.01356519565049,0.844637663042078,1,,0.00505085830163367,0.0119456432502103,0.0136003817839022,0.0216608087979169,0.00621279857022328,0.0264851966323165,0.154177442421995,0.390968347539294,3.63442729836451,0.818774144530164,0.0119580686590996,34.4745713747386,2.18699975865409,28.3730311215377,0.90271285883608,0.0150452143139347,37,0.110069769863584,1.29885937944486,3.12621055920025,0.282286213890428,13,92,"tau da torque_sens; pf dalla FK dell'URDF: l'origine puo' essere sfalsata di qualche mm rispetto al frame Simscape, lo scivolamento (moto relativo) non ne risente; Fc RICOSTRUITA dalla penetrazione (k=1200, c=50, w=0.002), quota del terreno stimata a z=0.00564 m dall'equilibrio dei pesi: solo la componente normale, nessun attrito; andatura a T = 2.000 s invece di cfg.T = 1.000 s",0.5,0.142,0.05,2,0.06
C1,T2,T2,1,NaN,v0.50x,20,0.0437549454867011,0.0122580153675071,0.0264869796619388,0.0395488386036388,0.0618511664319792,0.999206347900284,0.798463790751235,0.0499039869219522,0.039223491416176,0.998693121774424,0.832244268145353,1,,0.00506778073090803,0.0119551625534655,0.0137756462648571,0.0219709158971006,0.00820114210543214,0.0360378185081359,0.154186473537738,0.415467288016408,4.59343448239186,0.826702127967968,0.0130167655940852,50.236552128559,3.23280505951585,57.1119885332703,0.925295512303427,0.0154215918717238,33,0.114912006664584,1.84635292785399,3.05935645110903,0.297901078590871,16,95,"tau da torque_sens; pf dalla FK dell'URDF: l'origine puo' essere sfalsata di qualche mm rispetto al frame Simscape, lo scivolamento (moto relativo) non ne risente; Fc RICOSTRUITA dalla penetrazione (k=1200, c=50, w=0.002), quota del terreno stimata a z=0.00562 m dall'equilibrio dei pesi: solo la componente normale, nessun attrito; andatura a T = 2.000 s invece di cfg.T = 1.000 s",0.5,0.142,0.065,2,0.06
C1,T2,T2,1,NaN,v1.00x,10,0.0201888298213886,0.00569254152145825,0.00117803758926424,0.0025888212538345,0.000853918643949569,1.39568115174641,1.11939299344972,0.139924124181215,-0.0362883813724782,1.3956795976275,1.16306633135625,1,,0.00440542303599548,0.00103959529724398,0.00634144539940548,0.00249354010784237,0.00116776193527432,0.00281424359646629,0.151936228812727,0.434643172905712,1.93210602283724,0.750189677053966,0.0145742244430564,31.1281769775627,1.43410962328104,8.44895286895438,0.843130753630925,0.0140521792271821,32,0.0109306683322923,0.516444331648794,3.42161149281699,0.177289985640373,27,87,"tau da torque_sens; pf dalla FK dell'URDF: l'origine puo' essere sfalsata di qualche mm rispetto al frame Simscape, lo scivolamento (moto relativo) non ne risente; Fc RICOSTRUITA dalla penetrazione (k=1200, c=50, w=0.002), quota del terreno stimata a z=0.00609 m dall'equilibrio dei pesi: solo la componente normale, nessun attrito",1,0.14,0.035,1,0.12
C1,T2,T2,1,NaN,v1.00x,10,0.0202462781025854,0.00555588191797687,0.00129622761094788,0.00285990956772079,0.00031936655196585,1.39597352669176,1.11961955338299,0.139952444172874,-0.0363545154522137,1.39597136314903,1.16330946929086,1,,0.00462011036761991,0.00122233912648406,0.00676658657436829,0.00300394258826366,0.00106888884033685,0.00277009109146575,0.151939887812393,0.466172323671227,1.9630503720269,0.79675964698454,0.0171420639877854,50.44694023712,2.32365969121042,13.2078172650523,0.808988075204473,0.0134831345867412,23,0.00822402665001041,0.525715386522816,3.3316677076827,0.192340623676072,25,85,"tau da torque_sens; pf dalla FK dell'URDF: l'origine puo' essere sfalsata di qualche mm rispetto al frame Simscape, lo scivolamento (moto relativo) non ne risente; Fc RICOSTRUITA dalla penetrazione (k=1200, c=50, w=0.002), quota del terreno stimata a z=0.00605 m dall'equilibrio dei pesi: solo la componente normale, nessun attrito",1,0.14,0.05,1,0.12
C1,T2,T2,1,NaN,v1.00x,10,0.020249913748384,0.00557915375290411,0.00140591423759631,0.0030741549544639,-0.000274817054934928,1.39562242135978,1.11950257771002,0.139937822213753,-0.0361207087924383,1.39561980468537,1.16301650390447,1,,0.00465667223102525,0.00133795672778417,0.00696419472896813,0.0033087672790761,0.000997833573824605,0.00270179947612431,0.151943673911215,0.507875016352229,1.98685100787723,0.863997541956803,0.0197446040669026,82.6432183033664,3.80762491396146,24.0536155875497,0.794568863707372,0.0132428143951229,32,0.00489277534874037,0.53402686345209,3.28856964397252,0.199213058249068,23,83,"tau da torque_sens; pf dalla FK dell'URDF: l'origine puo' essere sfalsata di qualche mm rispetto al frame Simscape, lo scivolamento (moto relativo) non ne risente; Fc RICOSTRUITA dalla penetrazione (k=1200, c=50, w=0.002), quota del terreno stimata a z=0.00601 m dall'equilibrio dei pesi: solo la componente normale, nessun attrito",1,0.14,0.065,1,0.12
C1,T2,T2,1,NaN,v1.00x,10,0.0198952003421427,0.00552466323272056,0.00116895172203254,0.0025678206559683,0.000860739996792592,1.39271241242821,1.11701404245407,0.139626755306758,-0.0356985497588145,1.39271081523046,1.16059234602538,1,,0.00442914424577692,0.00104536103260015,0.00637591455845631,0.00250298393752609,0.00117659833293654,0.00282851145094354,0.15401968558322,0.434412032594427,1.93453116635784,0.752367605674882,0.014366021236727,30.7749087372295,1.4208564532502,8.31434632157159,0.837421286685243,0.013957021444754,32,0.0116593795544451,0.516838548733683,3.41224234853217,0.179524474381358,27,87,"tau da torque_sens; pf dalla FK dell'URDF: l'origine puo' essere sfalsata di qualche mm rispetto al frame Simscape, lo scivolamento (moto relativo) non ne risente; Fc RICOSTRUITA dalla penetrazione (k=1200, c=50, w=0.002), quota del terreno stimata a z=0.00615 m dall'equilibrio dei pesi: solo la componente normale, nessun attrito",1,0.142,0.035,1,0.12
C1,T2,T2,1,NaN,v1.00x,10,0.019957471311575,0.00536805630740682,0.00128543784513108,0.00282690493151611,0.000351953289430718,1.39301403625223,1.11725295103332,0.139656618879165,-0.0357615534331244,1.3930118419577,1.16084320163141,1,,0.00465749961218646,0.00123599773401204,0.00681964922301555,0.00303176523097846,0.00107777027919029,0.00278594574408733,0.154022417640822,0.465208554609363,1.96572069876289,0.797269028047099,0.0174543687972795,49.4220341992797,2.2812873960151,12.8769394462357,0.805992374795397,0.0134332062465899,32,0.00874453466583385,0.526069448630075,3.32792004996877,0.195224976512081,25,85,"tau da torque_sens; pf dalla FK dell'URDF: l'origine puo' essere sfalsata di qualche mm rispetto al frame Simscape, lo scivolamento (moto relativo) non ne risente; Fc RICOSTRUITA dalla penetrazione (k=1200, c=50, w=0.002), quota del terreno stimata a z=0.00610 m dall'equilibrio dei pesi: solo la componente normale, nessun attrito",1,0.142,0.05,1,0.12
C1,T2,T2,1,NaN,v1.00x,10,0.0199627627774724,0.00536781486063719,0.00138514239755538,0.0030152230504724,-0.000196376241929919,1.39262137759033,1.1171232849154,0.139640410614425,-0.0354988446114013,1.39261877847522,1.16051564872935,1,,0.00470596602317176,0.00136251671237972,0.00701390425370233,0.00335623612992879,0.00100639299730136,0.00271664851093298,0.154026419502215,0.505567413999604,1.9870632098318,0.861149773494413,0.019952807273232,80.733571194901,3.72765733227912,23.3473620507356,0.791870969510433,0.0131978494918406,32,0.00499687695190506,0.53509916177023,3.28732042473454,0.202845183743858,23,83,"tau da torque_sens; pf dalla FK dell'URDF: l'origine puo' essere sfalsata di qualche mm rispetto al frame Simscape, lo scivolamento (moto relativo) non ne risente; Fc RICOSTRUITA dalla penetrazione (k=1200, c=50, w=0.002), quota del terreno stimata a z=0.00607 m dall'equilibrio dei pesi: solo la componente normale, nessun attrito",1,0.142,0.065,1,0.12
C1,T2,T2,1,NaN,v2.00x,5,0.411293260388381,0.0184581495014977,0.0147479909698055,0.0266184699646285,0.106952550534603,0.313238061851488,0.236138854224698,0.0590347135561744,0.162685581656649,-0.312323671764117,-0.260269726470098,0,avanzamento insufficiente,0.00110045407229791,0.00283076620103568,0.00221361646517468,0.00650017847561692,0.0176238633601761,0.0414558581940184,0.153937395027947,0.712617879365868,3.28266958544205,1.20149181539308,0.0504230822582883,91.9543923339955,18.8761242450393,133.542553147152,2.92147771792937,0.0486912952988229,80,0.207032875572201,1.29681911441127,3.45942571785268,0.0134551455112022,15,130,"tau da torque_sens; pf dalla FK dell'URDF: l'origine puo' essere sfalsata di qualche mm rispetto al frame Simscape, lo scivolamento (moto relativo) non ne risente; Fc RICOSTRUITA dalla penetrazione (k=1200, c=50, w=0.002), quota del terreno stimata a z=0.00550 m dall'equilibrio dei pesi: solo la componente normale, nessun attrito; andatura a T = 0.500 s invece di cfg.T = 1.000 s; contact_sched concorda col contatto reale solo al 51%",2,0.14,0.035,0.5,0.24
C1,T2,T2,1,NaN,v2.00x,5,0.462568848565929,0.0249796404840353,0.0119444868908196,0.0273898008992687,0.126480275160609,0.579268688140066,0.448680975825077,0.112170243956269,0.109277670104915,-0.578715989826407,-0.48226332485534,0,avanzamento insufficiente,0.00112980881019705,0.00389469927408996,0.00241025693580954,0.00935122675623802,0.0259527785064758,0.0621260768977583,0.153405314065817,0.969211776733809,7.44941672171341,1.69222377612931,0.103620474406991,162.082625738867,17.9916621198091,241.019133884338,1.79450067959795,0.0299083446599658,57,0.319184352892218,2.66051948406841,2.12234706616729,0.0896712240464544,27,128,"tau da torque_sens; pf dalla FK dell'URDF: l'origine puo' essere sfalsata di qualche mm rispetto al frame Simscape, lo scivolamento (moto relativo) non ne risente; Fc RICOSTRUITA dalla penetrazione (k=1200, c=50, w=0.002), quota del terreno stimata a z=0.00485 m dall'equilibrio dei pesi: solo la componente normale, nessun attrito; la forza totale ricostruita si scosta del 6% dal peso: la run ha fasi di volo o la quota del terreno non e' costante, Fz e' quantitativamente inaffidabile (il contatto resta valido); andatura a T = 0.500 s invece di cfg.T = 1.000 s; contact_sched concorda col contatto reale solo al 51%",2,0.14,0.05,0.5,0.24
C1,T2,T2,1,NaN,v2.00x,5,0.505492569954935,0.018890672113361,0.0120161702821031,0.0315945226645861,0.103812138884389,0.831962965049714,0.64779069180139,0.161947672950348,0.0555944941977503,-0.831391372374356,-0.692826143645297,0,avanzamento insufficiente,0.00103048732424344,0.00586784179707628,0.00185156536295206,0.0124854710282353,0.0373271082436943,0.0838945612019126,0.152833458328892,1.3166611720952,10.3308282210212,2.23954370945028,0.157372728533777,273.833973032111,21.1640222858017,315.236528499583,0.249178733645398,0.00415297889408997,96,0.404494382022472,3.81694679625005,1.12234706616729,0.100298306602239,100,120,"tau da torque_sens; pf dalla FK dell'URDF: l'origine puo' essere sfalsata di qualche mm rispetto al frame Simscape, lo scivolamento (moto relativo) non ne risente; Fc RICOSTRUITA dalla penetrazione (k=1200, c=50, w=0.002), quota del terreno stimata a z=0.00399 m dall'equilibrio dei pesi: solo la componente normale, nessun attrito; la forza totale ricostruita si scosta del 15% dal peso: la run ha fasi di volo o la quota del terreno non e' costante, Fz e' quantitativamente inaffidabile (il contatto resta valido); andatura a T = 0.500 s invece di cfg.T = 1.000 s; contact_sched concorda col contatto reale solo al 50%",2,0.14,0.065,0.5,0.24
C1,T2,T2,1,NaN,v2.00x,5,0.41236941046604,0.0188600260105891,0.0134444147525722,0.0239978505384393,0.102317968059332,0.318478276324133,0.242623107586873,0.0606557768967182,0.163996220410365,-0.317760906816896,-0.264800755680747,0,avanzamento insufficiente,0.0010570456145739,0.0028812875102373,0.00226983885846754,0.00671569133757758,0.0174216812352503,0.0409910063930998,0.15603115183938,0.704208803883938,3.2346685216603,1.19182366681978,0.0487584963240394,90.3856986688339,18.2488197673619,129.582827998227,2.93675392531462,0.0489458987552437,89,0.204744069912609,1.26596277575408,3.49313358302122,0.013504896972228,12,127,"tau da torque_sens; pf dalla FK dell'URDF: l'origine puo' essere sfalsata di qualche mm rispetto al frame Simscape, lo scivolamento (moto relativo) non ne risente; Fc RICOSTRUITA dalla penetrazione (k=1200, c=50, w=0.002), quota del terreno stimata a z=0.00562 m dall'equilibrio dei pesi: solo la componente normale, nessun attrito; andatura a T = 0.500 s invece di cfg.T = 1.000 s; contact_sched concorda col contatto reale solo al 51%",2,0.142,0.035,0.5,0.24
C1,T2,T2,1,NaN,v2.00x,5,0.463481090350999,0.0244523352870771,0.0101712712653446,0.0247091428442902,0.121803670686508,0.581866704431126,0.452287700880725,0.113071925220181,0.110307339281684,-0.581425205737839,-0.484521004781533,0,avanzamento insufficiente,0.00112938131879945,0.00382650331541731,0.00233715631080794,0.00931959457975043,0.0256455757680098,0.0614098406572647,0.155512771191354,0.955965457377272,7.49590331096141,1.67349844908867,0.102094603967263,158.514421618433,17.5170169537608,244.798658144651,1.8788119912579,0.0313135331876316,57,0.310653349979193,2.61489135263279,2.2247191011236,0.0843517218029771,22,127,"tau da torque_sens; pf dalla FK dell'URDF: l'origine puo' essere sfalsata di qualche mm rispetto al frame Simscape, lo scivolamento (moto relativo) non ne risente; Fc RICOSTRUITA dalla penetrazione (k=1200, c=50, w=0.002), quota del terreno stimata a z=0.00499 m dall'equilibrio dei pesi: solo la componente normale, nessun attrito; la forza totale ricostruita si scosta del 5% dal peso: la run ha fasi di volo o la quota del terreno non e' costante, Fz e' quantitativamente inaffidabile (il contatto resta valido); andatura a T = 0.500 s invece di cfg.T = 1.000 s; contact_sched concorda col contatto reale solo al 51%",2,0.142,0.05,0.5,0.24
C1,T2,T2,1,NaN,v2.00x,5,0.507840320070261,0.0181641958802497,0.00942161857242015,0.0264058862486561,0.103409921167132,0.838564037695437,0.654950160761771,0.163737540190443,0.0562243266657585,-0.838172269238286,-0.698476891031905,0,avanzamento insufficiente,0.00108335487891986,0.00567870307468628,0.00191622615281086,0.0123012239481696,0.0366865821191635,0.0830204521138032,0.154933614053697,1.29123406192961,9.79158707967249,2.1983629847972,0.154598418643362,265.548178109514,20.3620720222526,305.962743896975,0.291377243274321,0.00485628738790535,96,0.401165210153974,3.73902270391985,1.15230961298377,0.109790452509798,103,126,"tau da torque_sens; pf dalla FK dell'URDF: l'origine puo' essere sfalsata di qualche mm rispetto al frame Simscape, lo scivolamento (moto relativo) non ne risente; Fc RICOSTRUITA dalla penetrazione (k=1200, c=50, w=0.002), quota del terreno stimata a z=0.00420 m dall'equilibrio dei pesi: solo la componente normale, nessun attrito; la forza totale ricostruita si scosta del 13% dal peso: la run ha fasi di volo o la quota del terreno non e' costante, Fz e' quantitativamente inaffidabile (il contatto resta valido); andatura a T = 0.500 s invece di cfg.T = 1.000 s; contact_sched concorda col contatto reale solo al 50%",2,0.142,0.065,0.5,0.24
