finestra,durata,t_inizio,roll_esc,incl_err,incl_err_max,piedi_fermi,sotto3,h_min,h_max,v_rel
piano_prima,1.15999999999998,2,0.00733560665008255,3.36476536288605e-20,0.00376178191430683,2.28448275862069,0.336206896551724,-0.00117482163240024,0.00254834824825814,1
piede_salita,3.72499999999992,3.16,0.0734721599081693,3.6448664907044e-05,0.0167590308927916,1.7248322147651,0.734228187919463,0.00055329927766834,0.0286898180216142,NaN
salita,4.01999999999991,6.885,0.0206519670846636,0.00142343432829504,0.00791980748367954,2.30970149253731,0.337064676616915,-0.00122749379307069,0.00440768925730803,0.959842235706974
inizio_cima,3.91999999999992,10.905,0.103506544945145,0.0175353204711031,0.0436922926236946,0.799744897959184,0.897959183673469,-0.0107442254167041,0.0203146784935525,NaN
cima,0.614999999999987,14.825,0.0475337900461737,-0.0441572509001524,0.0557204878634026,1.47154471544715,0.821138211382114,5.71003667131365e-05,0.0112800908317398,0.955043538852828
inizio_discesa,4.24499999999991,15.44,0.0829423204423683,0.00740039580666831,0.043208688080239,0.90341578327444,0.91283863368669,-0.0106552722585352,0.0138565802870087,NaN
discesa,3.59499999999992,19.685,0.0577784896507352,-0.0131767707246595,0.0609883557161685,1.6356050069541,0.699582753824757,-0.00114311488413441,0.0173088592349657,0.945675428668337
fondo_discesa,4.14999999999991,23.28,0.0782758621185798,-0.00392223588920761,0.0147964318048831,1.95903614457831,0.680722891566265,-0.000611348367860365,0.0247524777026372,NaN
piano_dopo,1.44999999999997,27.43,0.0185470606168655,-1.46046117069811e-05,0.00378118379419964,2.09310344827586,0.4,-0.00132105622542203,0.00307364228135615,0.985865232992906
