controller,task,ripetizione,seed,condizione,durata,err_vx_rms,err_vy_rms,dev_lat_rms,dev_lat_max,yaw_err_fin,distanza,distanza_regime,vel_media,perdita_avvio,successo,causa_fallimento,roll_rms,pitch_rms,roll_max,pitch_max,z_rms,z_max,z_media,tau_rms,tau_max,tau_rms_giunto_peggiore,frazione_saturo,energia,cot,potenza_max,slip_tot,slip_per_passo,distacchi,frazione_persa,Fz_max_norm,appoggio_medio,note
C3,T2a,1,20261905,nominale,9.99991999352398,0.000247155847050229,9.44233645329155e-05,0.00131280303879427,0.00134468540889079,4.61195068801601e-07,0.496422020779725,0.450074840242905,0.050008315582546,0.00363193019179085,1,,3.39211117615975e-05,0.00194013817659577,6.13805267966401e-05,0.00200048945090818,3.07867687485773e-06,2.04832649584735e-05,0.100000463079575,NaN,NaN,NaN,NaN,NaN,NaN,NaN,0,0,0,0,0.526781333876773,3.60704778110163,QP falliti: 0
C3,T2a,2,20261906,nominale,9.99993837041698,0.000247382506593698,9.46713839836525e-05,0.0028067304392456,0.0028337208258304,4.61195068801601e-07,0.493855241175293,0.450072535716606,0.0500080595240682,0.00613262842050611,1,,3.66334688013566e-05,0.00193989735722899,0.000130406990462961,0.00200048817457203,3.11217100787808e-06,2.04959087833495e-05,0.100000448688899,NaN,NaN,NaN,NaN,NaN,NaN,NaN,0,0,0,0,0.526781383315941,3.60704778110163,QP falliti: 0
C3,T2a,3,20261907,nominale,9.99996378648308,0.000246967210720618,9.47588867594736e-05,0.00406020704485074,0.00408724694562954,4.61195068801601e-07,0.498698410484405,0.450076832055466,0.0500085368950527,0.00122436905699495,1,,3.5645340774424e-05,0.00194019710582591,7.91747937792859e-05,0.00200049009124134,3.10010797096202e-06,2.04951236098122e-05,0.100000449884635,NaN,NaN,NaN,NaN,NaN,NaN,NaN,0,0,0,0,0.526781297273391,3.60704778110163,QP falliti: 0
C3,T2a,4,20261908,nominale,9.99996842843909,0.000247423510451539,9.46843754610345e-05,0.00299706901774258,0.00302406871964176,4.61195068801601e-07,0.493391142516458,0.450072128706476,0.0500080143007204,0.00658529912649143,1,,3.42191008352188e-05,0.00194007113965804,6.13733546720656e-05,0.00200048853652603,3.09297076387984e-06,2.04946062029865e-05,0.100000450712355,NaN,NaN,NaN,NaN,NaN,NaN,NaN,0,0,0,0,0.526781354343034,3.60704778110163,QP falliti: 0
C3,T2a,5,20261909,nominale,9.99995715811511,0.000247333422510283,9.43687074308881e-05,0.00238565688285754,0.0024176576658781,4.61195068801601e-07,0.494392500409049,0.450073026677696,0.0500081140753005,0.00561994980111286,1,,3.60459395198832e-05,0.00193993821889275,0.000114558427807621,0.002000488440147,3.08761720177541e-06,2.04941539543591e-05,0.100000451424318,NaN,NaN,NaN,NaN,NaN,NaN,NaN,0,0,0,0,0.526781383201331,3.60704778110163,QP falliti: 0
C3,T2b,1,20262905,nominale,9.99996510828427,0.000269891643851014,0.000151348813452578,0.00151640268971721,0.0015451717397294,1.05440747022456e-06,0.98492401193234,0.900119651747864,0.100013294638653,0.0151799569139994,1,,0.000119730143531436,0.00388909763912431,0.000797782316309081,0.00394904523914653,2.12422783779257e-06,1.09828122951544e-05,0.100001885532544,NaN,NaN,NaN,NaN,NaN,NaN,NaN,0,0,0,0,0.507704197334589,3.59998484886745,QP falliti: 0
C3,T2b,2,20262906,nominale,9.99993361342507,0.000269591723019785,0.000150932072948105,0.00253360556782411,0.00256253322018416,1.05440747022456e-06,0.983740136310667,0.900118633802665,0.100013181533631,0.0163365271074914,1,,5.97627576693333e-05,0.00388901021402115,0.000259061504519989,0.00394741976984775,2.02452930745085e-06,9.58841864856508e-06,0.100001885783675,NaN,NaN,NaN,NaN,NaN,NaN,NaN,0,0,0,0,0.507692454948591,3.59998484886745,QP falliti: 0
C3,T2b,3,20262907,nominale,9.99990554768919,0.000270485368724023,0.00015104105852818,0.00144685367321826,0.00147569047228782,1.05440747022456e-06,0.987135125893762,0.90012165079134,0.100013516754595,0.0129659769212374,1,,5.64051359062728e-05,0.00388925718276096,0.00012242161973477,0.00395215788298013,2.01505468474118e-06,9.44664625110447e-06,0.100001885856084,NaN,NaN,NaN,NaN,NaN,NaN,NaN,0,0,0,0,0.507691430558304,3.59998484886745,QP falliti: 0
C3,T2b,4,20262908,nominale,9.99993211789832,0.000271360130581356,0.000151532054880766,0.00318153645444905,0.00321041664326066,1.05440747022456e-06,0.990498054925266,0.900124586870406,0.100013842985603,0.00956929767698093,1,,7.66761498683361e-05,0.0038893596920126,0.000345335536768719,0.00395428857959045,2.14491589206968e-06,1.12542550392697e-05,0.100001885507615,NaN,NaN,NaN,NaN,NaN,NaN,NaN,0,0,0,0,0.507687512705177,3.59998484886745,QP falliti: 0
C3,T2b,5,20262909,nominale,9.9999533664988,0.000270470844458992,0.000151636318118427,0.00410234491312325,0.00413125530803458,1.05440747022456e-06,0.987116067860811,0.900121598851798,0.100013510983535,0.0129133282496393,1,,5.83731828963407e-05,0.00388930608039026,0.000100161119425727,0.00395309990444014,2.09554889101647e-06,1.05957077834312e-05,0.100001885535708,NaN,NaN,NaN,NaN,NaN,NaN,NaN,0,0,0,0,0.507688402345416,3.59998484886745,QP falliti: 0
C3,T2c,1,20263905,nominale,9.99997247210011,0.000232186115746842,0.000217007203485904,0.000355356194022429,0.000378174613517414,7.0966414567053e-07,1.95955494969981,1.79999675243751,0.199999639159727,0.0404359493841758,1,,9.25993045506696e-05,0.00780499697671078,0.000442553164845402,0.00781652394164511,1.13352838092896e-06,3.17658003788635e-06,0.100002305909322,NaN,NaN,NaN,NaN,NaN,NaN,NaN,0,0,0,0,0.396004914661222,3.59998484886745,QP falliti: 0
C3,T2c,2,20263906,nominale,9.99996293094826,0.000232343265150117,0.000216977094127685,0.000204562461589229,0.000227123502161493,7.0966414567053e-07,1.96329941241299,1.80000010659867,0.200000011844301,0.0366931557480553,1,,9.75850609157527e-05,0.00780528674287719,0.000692560214646121,0.00781652394164489,1.12795144281343e-06,2.38347484160517e-06,0.100002317396347,NaN,NaN,NaN,NaN,NaN,NaN,NaN,0,0,0,0,0.396005324570919,3.59998484886745,QP falliti: 0
C3,T2c,3,20263907,nominale,9.99994315576638,0.000232561481194982,0.000217038593945659,0.000889143486892954,0.000912214607711664,7.0966414567053e-07,1.96797892262159,1.80000422218597,0.200000469131778,0.0320118170613416,1,,7.23431138937277e-05,0.00780551274549772,0.000193008469377569,0.00781652394164477,1.1541361157751e-06,4.90640699306322e-06,0.100002266424906,NaN,NaN,NaN,NaN,NaN,NaN,NaN,0,0,0,0,0.396004954912604,3.59998484886745,QP falliti: 0
C3,T2c,4,20263908,nominale,9.99995668591386,0.000232373244646212,0.000216876924630997,0.00203950384503742,0.00206272928726692,7.0966414567053e-07,1.96403355335616,1.80000071255548,0.200000079172835,0.0359468194587035,1,,6.77602092775141e-05,0.00780543127374941,0.000121078329880267,0.00781652394164503,1.15509714157579e-06,4.9415897465932e-06,0.100002266419174,NaN,NaN,NaN,NaN,NaN,NaN,NaN,0,0,0,0,0.396004972184674,3.59998484886745,QP falliti: 0
C3,T2c,5,20263909,nominale,9.99988515765729,0.00023235579505725,0.000217174930816167,0.00319663151116792,0.0032198501645301,7.0966414567053e-07,1.9636038556614,1.80000035722822,0.200000039692028,0.0363450891569617,1,,7.34487379904171e-05,0.00780536448692834,0.000206469040573616,0.0078165239416453,1.13163209534809e-06,2.94955944657449e-06,0.100002308325273,NaN,NaN,NaN,NaN,NaN,NaN,NaN,0,0,0,0,0.396004953442552,3.59998484886745,QP falliti: 0
