slot_mux,misurato,analitico,scarto
1,-0.000387499562564036,0,0.000387499562564036
2,0.280797399935604,0.222911422977978,-0.0578859769576255
3,-0.1281133962224,-0.0542094165434529,0.0739039796789471
4,0.00368654083360261,-0,-0.00368654083360261
5,0.280839805080392,0.222911422973341,-0.0579283821070507
6,-0.128157340493576,-0.0542094165384335,0.0739479239551427
7,-0.000388350902033206,-0,0.000388350902033206
8,0.280885593315679,0.222911422977978,-0.0579741703377004
9,-0.12820362848755,-0.0542094165434529,0.0739942119440971
10,-0.000388354386244154,0,0.000388354386244154
11,0.280885843614747,0.222911422977978,-0.0579744206367691
12,-0.128203741697681,-0.0542094165434529,0.0739943251542277
13,0.00368654926128146,0,-0.00368654926128146
14,0.280839820581274,0.222911422973341,-0.0579283976079334
15,-0.128157355687654,-0.0542094165384335,0.0739479391492205
16,-0.000387485801266843,0,0.000387485801266843
17,0.280797158636067,0.222911422977978,-0.057885735658089
18,-0.128113291800901,-0.0542094165434529,0.0739038752574477
