task,ctrl,cella,tau_max,tau_rms,frazione_saturo,potenza_max,volte_datasheet,volte_urdf,rms_su_limite,tau_rms_peggiore,peggiore_su_limite,valida,nominale
T2,C1,v0.50x,3.6435673509409,0.397785266943204,0.00626540317261967,30.7019128987167,2.42904490062727,1.30127405390746,0.265190177962136,0.615527037653586,0.410351358435724,1,0
T2,C1,v1.00x,1.86962999335141,0.399779035349015,0.00402526198903463,11.3509343057053,1.24641999556761,0.667724997625504,0.266519356899343,0.683983745403744,0.455989163602496,1,1
T2,C1,v1.20x,2.37471330140225,0.381762193554395,0.0036231884057971,18.7647590060089,1.58314220093483,0.848111893357947,0.254508129036263,0.671752878613385,0.447835252408923,1,0
T2,C1,v1.50x,14.5816786441298,0.548667834476246,0.0157763199000312,347.751561577586,9.72111909608653,5.2077423729035,0.365778556317497,1.11106554517138,0.740710363447587,1,0
T2,C1,v2.00x,2.86942653019043,0.376356220711571,0.00887779164932723,121.964506606728,1.91295102012695,1.02479518935373,0.250904147141047,0.536702446514401,0.357801631009601,0,0
T2,C2,v0.50x,4.50065788860494,0.372298341257047,0.00492901523829359,62.8430614969217,3.00043859240329,1.60737781735891,0.248198894171365,0.570485913786515,0.380323942524343,1,0
T2,C2,v1.00x,2.0529085759214,0.405029976724724,0.00395586092025817,11.0268905583043,1.36860571728093,0.733181634257643,0.270019984483149,0.651922960301254,0.434615306867503,1,1
T2,C2,v1.20x,3.10206157988811,0.380994982898901,0.00329002165583875,18.0147386730504,2.06804105325874,1.10787913567432,0.253996655265934,0.645091893242901,0.430061262161934,1,0
T2,C2,v1.50x,14.2031311766331,0.503622537394844,0.0140060397792357,314.833476791456,9.4687541177554,5.07254684879754,0.335748358263229,1.02701481415638,0.68467654277092,1,0
T2,C2,v2.00x,0.479832758499448,0.231844461064925,0,12.8015759032354,0.319888505666299,0.171368842321231,0.154562974043283,0.375723384763412,0.250482256508941,0,0
T2,C3,v0.50x,3.97577349803757,0.379506389190615,0.00643896004720747,29.6451278080888,2.65051566535838,1.41991910644199,0.25300425946041,0.610752412014598,0.407168274676399,1,0
T2,C3,v1.00x,2.54771055037066,0.375553667983222,0.00603789298355195,14.7169537354821,1.69847370024711,0.909896625132379,0.250369111988815,0.574206947231945,0.382804631487963,1,1
T2,C3,v1.20x,4.21806462165821,0.348704964002632,0.00270697984341163,34.389731572759,2.81204308110547,1.50645165059222,0.232469976001755,0.650813343228764,0.433875562152509,1,0
T2,C3,v1.50x,5.51333001357869,0.375803363165032,0.00822659585546183,56.2007399201267,3.67555334238579,1.96904643342096,0.250535575443355,0.638071593946324,0.425381062630883,1,0
T2,C3,v2.00x,1.89295668537745,0.284045085042047,0.00208073241781107,42.3097038885033,1.26197112358497,0.676055959063375,0.189363390028031,0.459187597559339,0.306125065039559,0,0
T3,C1,yaw+0.100,1.91385983366797,0.398398516610115,0.00499807766243752,10.8262842506002,1.27590655577865,0.683521369167132,0.26559901107341,0.683900003460203,0.455933335640135,1,1
T3,C1,yaw-0.100,1.90950908856455,0.399214596420357,0.00557477893118031,10.9393888644886,1.27300605904303,0.681967531630197,0.266143064280238,0.683303272451559,0.455535514967706,1,0
T3,C2,yaw+0.100,2.59355634983286,0.390194300528062,0.00367380067495408,11.62267246917,1.72903756655524,0.926270124940307,0.260129533685375,0.625097346063135,0.41673156404209,1,1
T3,C2,yaw-0.100,2.7240144500444,0.387558463580915,0.00399419026870007,12.3498026745675,1.81600963336293,0.972862303587286,0.258372309053943,0.620139419275494,0.413426279516996,1,0
T3,C3,yaw+0.100,3.52820955242734,0.382535592392062,0.00657866632491777,20.5552741860535,2.35213970161823,1.26007484015262,0.255023728261375,0.595539417085524,0.397026278057016,1,1
T3,C3,yaw-0.100,3.62004067177594,0.382667893184928,0.00580973129992738,21.8855862663582,2.41336044785063,1.29287166849141,0.255111928789952,0.602212811527764,0.401475207685176,1,0
T4,C1,rampa8,2.09724408723189,0.392325434988836,0.00391866456848406,15.3269071461547,1.39816272482126,0.749015745439961,0.261550289992557,0.665175675199264,0.443450450132843,1,1
T4,C2,rampa8,4.20566635525673,0.402587386798957,0.0049523280570212,12.4636266907488,2.80377757017115,1.50202369830597,0.268391591199305,0.659365754873043,0.439577169915362,1,1
T4,C3,rampa8,2.41582049377186,0.38749331151598,0.00573914653337036,18.4721402986569,1.61054699584791,0.86279303348995,0.258328874343987,0.660116724090012,0.440077816060008,1,1
T4D,C1,dosso8-8,2.57792446362457,0.391482986948495,0.00450193392936402,19.8809710250896,1.71861630908305,0.920687308437347,0.260988657965663,0.635595693631167,0.423730462420778,1,1
T4D,C2,dosso8-8,2.91133539640027,0.39105241480289,0.00372427589435825,15.9341691711361,1.94089026426685,1.03976264157153,0.260701609868593,0.617601820737148,0.411734547158099,1,1
T4D,C3,dosso8-8,3.1410616963805,0.379330730646701,0.00599543205177008,33.4521980111951,2.09404113092033,1.12180774870732,0.252887153764467,0.584771756513029,0.389847837675353,1,1
T5,C1,ost1,4.45809880901019,0.407871689982297,0.00614026967817582,24.4009245105694,2.97206587267346,1.59217814607507,0.271914459988198,0.671391894326228,0.447594596217485,1,1
T5,C2,ost1,5.16926487137431,0.399229654258163,0.00452034928569225,44.1715773774046,3.44617658091621,1.84616602549082,0.266153102838775,0.642035679209466,0.428023786139644,1,1
T5,C3,ost1,4.14366566747948,0.382463230835559,0.0062945478107933,33.4330406831156,2.76244377831965,1.47988059552839,0.254975487223706,0.587793589360551,0.391862392907034,1,1
T6,C1,ost1-7,7.51204085748822,0.414245209783211,0.0091163756671255,42.5695958804778,5.00802723832548,2.68287173481722,0.276163473188807,0.627197457543017,0.418131638362011,1,1
T6,C2,ost1-7,8.45731523207759,0.412018824677326,0.00696708445024029,73.0102410772963,5.63821015471839,3.020469725742,0.274679216451551,0.635064654997697,0.423376436665131,1,1
T6,C3,ost1-7,6.00977672721924,0.400406164410121,0.00807795406795624,67.9233153126512,4.00651781814616,2.14634883114973,0.266937442940081,0.622665413089135,0.415110275392757,1,1
T7,C1,dv0.00,1.86974950751793,0.400718222001385,0.00408129268698984,11.3509343057053,1.24649967167862,0.667767681256404,0.267145481334257,0.68433449426887,0.456222996179247,1,1
T7,C1,dv0.01,1.86962999335141,0.401372295293358,0.00397023710367039,11.2344628944746,1.24641999556761,0.667724997625504,0.267581530195572,0.686145363803076,0.457430242535384,1,0
T7,C1,dv1.00,1.89163441491832,0.401196430707799,0.00391470931201066,11.4800033439203,1.26108960994555,0.675583719613686,0.267464287138533,0.686335658419828,0.457557105613219,1,0
T7,C1,dv2.00,1.86962999335141,0.40273070805234,0.00383141762452107,11.2187680019304,1.24641999556761,0.667724997625504,0.26848713870156,0.689107999682036,0.459405333121357,1,0
T7,C1,dv4.00,1.86962999335141,0.400075355308143,0.00394247320784052,11.4002030368344,1.24641999556761,0.667724997625504,0.266716903538762,0.684338965998848,0.456225977332565,1,0
T7,C1,dv8.00,1.86962999335141,0.395860201707642,0.00363707035371203,11.2373426991514,1.24641999556761,0.667724997625504,0.263906801138428,0.681218178644608,0.454145452429739,1,0
T7,C1,dv16.00,1.925063487686,0.396712109168643,0.00369259814537176,11.2396054105058,1.28337565845733,0.687522674173571,0.264474739445762,0.680811115535999,0.453874077023999,1,0
T7,C2,dv0.00,2.0529085759214,0.4046723227794,0.00394247320784052,11.0268905583043,1.36860571728093,0.733181634257643,0.2697815485196,0.652827829992226,0.435218553328151,1,1
T7,C2,dv0.01,2.0529085759214,0.402787172508959,0.00435893164528847,11.0268905583043,1.36860571728093,0.733181634257643,0.268524781672639,0.658739868894585,0.43915991259639,1,0
T7,C2,dv1.00,2.12178370277321,0.403834986516787,0.00405352879115998,11.3061791301696,1.41452246851547,0.757779893847575,0.269223324344525,0.655136408128525,0.436757605419017,1,0
T7,C2,dv2.00,2.07727066863783,0.404421156957019,0.00444222333277806,12.2648776466128,1.38484711242522,0.741882381656368,0.269614104638013,0.651842802258322,0.434561868172215,1,0
T7,C2,dv4.00,2.0529085759214,0.402468747746908,0.0036648342495419,11.2100221667362,1.36860571728093,0.733181634257643,0.268312498497939,0.652078683101563,0.434719122067709,1,0
T7,C2,dv8.00,2.07372123459169,0.40002159814921,0.00360930645788217,11.9935662000297,1.38248082306113,0.740614726639889,0.266681065432807,0.651771940350441,0.434514626900294,1,0
T7,C2,dv16.00,2.28642711988724,0.397162455387203,0.0036648342495419,13.2057004663972,1.52428474659149,0.816581114245443,0.264774970258135,0.653668433137941,0.435778955425294,1,0
T7,C3,dv0.00,2.54771055037066,0.376671156509248,0.00613582097839969,14.7169537354821,1.69847370024711,0.909896625132379,0.251114104339499,0.575744635582989,0.383829757055326,1,1
T7,C3,dv0.01,2.79341612415608,0.376681776791065,0.00641345993669832,15.5953976400403,1.86227741610405,0.997648615770029,0.251121184527377,0.585169279972865,0.390112853315243,1,0
T7,C3,dv1.00,2.72426676049531,0.374867144472462,0.00599700149925037,18.1304378107576,1.81617784033021,0.972952414462611,0.249911429648308,0.585277153085779,0.390184768723853,1,0
T7,C3,dv2.00,2.98596905613472,0.375782491546236,0.00669109889499695,16.8464297431908,1.99064603742315,1.06641752004811,0.250521661030824,0.568590559574178,0.379060373049452,1,0
T7,C3,dv4.00,3.45407358046157,0.373900007477319,0.00608029318673996,23.6306626059752,2.30271572030771,1.2335977073077,0.249266671651546,0.586806389909329,0.391204259939553,1,0
T7,C3,dv8.00,3.0159125827104,0.371104082705985,0.00596923760342051,18.6426610691359,2.0106083884736,1.07711163668229,0.24740272180399,0.589221893429561,0.392814595619707,1,0
T7,C3,dv16.00,3.14979482313041,0.371139864235456,0.00619134877005941,19.855448693196,2.09986321542027,1.12492672254658,0.247426576156971,0.5667876593033,0.377858439535533,1,0
