controller,task,terreno,ripetizione,seed,condizione,durata,err_vx_rms,err_vy_rms,dev_lat_rms,dev_lat_max,yaw_err_fin,distanza,distanza_regime,vel_media,perdita_avvio,avanzamento,frazione_task,successo,causa_fallimento,roll_rms,pitch_rms,roll_max,pitch_max,z_rms,z_max,z_media,tau_rms,tau_max,tau_rms_giunto_peggiore,frazione_saturo,energia,cot,potenza_max,slip_tot,slip_per_passo,distacchi,frazione_persa,Fz_max_norm,appoggio_medio,disp_carico,appoggi_scartati,appoggi_totali,sotto3_frac,corpoZ_pp,corpoZ_vz,note,dz0
C1,T2,T2,1,NaN,z0+0.0mm,10,0.016736251021184,0.0116790411728607,0.00203280779795616,0.00431351510974964,0.000529218961073052,1.34618124045136,1.07940573336993,0.134925716671242,-0.0267756875363983,1.34617551091687,1.12181292576406,1,,0.00251187301124308,0.00450921303587715,0.00360019506315942,0.0089657472003891,0.00102828251207115,0.00274146406006864,0.152108496048859,0.399779035349015,1.86962999335141,0.683983745403744,0.00402526198903463,18.5941703126947,0.888153735928766,11.3509343057053,0.69701246795541,0.0116168744659235,93,0.0526754112013325,0.755014008037466,2.94940662086196,0.0368031728692877,51,111,0.0811992504684572,0.0029380901376968,0.0209449334535245,"tau da torque_sens; pf dalla FK dell'URDF: l'origine puo' essere sfalsata di qualche mm rispetto al frame Simscape, lo scivolamento (moto relativo) non ne risente; Fleg e' il modulo: Fc ha solo la componente z, Fz_max_norm e' un limite superiore",0
C1,T2,T2,1,NaN,z0+0.2mm,10,0.0167478442542834,0.0117050393861545,0.00111410871606977,0.00238453058241485,-0.00133627762129773,1.3452586991549,1.07831152178482,0.134788940223102,-0.0269477982927622,1.34525739486784,1.12104782905653,1,,0.0025160111290978,0.00451574561279931,0.00358522434468591,0.00897658856215763,0.00102982085081174,0.0027577578082176,0.1523174389868,0.402598685208616,1.88596448162696,0.685739116134631,0.00402526198903463,18.5582426560989,0.887045539723764,11.2669761975049,0.692814566961947,0.0115469094493658,90,0.0520508015823444,0.756008230064521,2.94878201124297,0.0363856771164465,38,98,0.0799500312304809,0.00294280649619007,0.0209697430682287,"tau da torque_sens; pf dalla FK dell'URDF: l'origine puo' essere sfalsata di qualche mm rispetto al frame Simscape, lo scivolamento (moto relativo) non ne risente; Fleg e' il modulo: Fc ha solo la componente z, Fz_max_norm e' un limite superiore",0.0002
C1,T2,T2,1,NaN,z0-0.2mm,10,0.0167692062494773,0.0116635281619152,0.00139786159587193,0.00308867978477613,0.000452023073047148,1.34589046435425,1.07884814858919,0.134856018573649,-0.0270424884407793,1.34588789565854,1.12157324638212,1,,0.00251507708945979,0.00450347705163006,0.00358728788213722,0.0089704681116301,0.00102811667873314,0.00275748481016977,0.151898815091475,0.405193410825844,1.90280878433609,0.691450535861446,0.00464987160802276,18.6654062847823,0.891748952762884,11.4031500228152,0.697270719920191,0.0116211786653365,90,0.0521549031855091,0.753267291243555,2.94815740162398,0.0372306527858929,36,96,0.0811992504684572,0.00294017060665358,0.0209587739027783,"tau da torque_sens; pf dalla FK dell'URDF: l'origine puo' essere sfalsata di qualche mm rispetto al frame Simscape, lo scivolamento (moto relativo) non ne risente; Fleg e' il modulo: Fc ha solo la componente z, Fz_max_norm e' un limite superiore",-0.0002
C2,T2,T2,1,NaN,z0+0.0mm,10,0.0241619236768663,0.0113937754743637,0.00120461590880147,0.00237124882145038,-0.00217158676768836,1.34942250047386,1.08555698055893,0.135694622569866,-0.0238713149681734,1.34942248314963,1.12451873595803,1,,0.00257159512127038,0.0220794425024832,0.00608830588119604,0.03542807631718,0.0011307863704315,0.00284742887909215,0.155857116450402,0.405029976724724,2.0529085759214,0.651922960301254,0.00395586092025817,18.2381969899672,0.869058139418656,11.0268905583043,0.759135811525825,0.0126522635254304,43,0.020403914220279,1.05040766809681,3.14553404122423,0.04801196096878,28,88,0.051842598376015,0.00435888694871586,0.0256792885353298,"tau da torque_sens; pf dalla FK dell'URDF: l'origine puo' essere sfalsata di qualche mm rispetto al frame Simscape, lo scivolamento (moto relativo) non ne risente; Fleg e' il modulo: Fc ha solo la componente z, Fz_max_norm e' un limite superiore",0
C2,T2,T2,1,NaN,z0+0.2mm,10,0.0240780701583222,0.011409177762158,0.00142488713143984,0.00278354339123622,-0.0103783885409676,1.34846892256129,1.08445997214364,0.135557496517955,-0.0240183461416935,1.34846811750224,1.12372343125186,1,,0.00244058953185891,0.0222095389765848,0.00539776198510063,0.0337678944931299,0.00110382472137264,0.00273769671499335,0.156177900522455,0.402349031023093,1.96720790139551,0.651410247853518,0.00381705878270525,18.0738050554798,0.86183381144835,11.6740423781962,0.772470171490937,0.0128745028581823,40,0.0191546949823027,0.987917604272765,3.14928169893816,0.051900132509401,22,82,0.051842598376015,0.00433439728585035,0.0252717739351674,"tau da torque_sens; pf dalla FK dell'URDF: l'origine puo' essere sfalsata di qualche mm rispetto al frame Simscape, lo scivolamento (moto relativo) non ne risente; Fleg e' il modulo: Fc ha solo la componente z, Fz_max_norm e' un limite superiore",0.0002
C2,T2,T2,1,NaN,z0-0.2mm,10,0.0242146065500421,0.0115438512823338,0.00187489103669081,0.00334326560894628,-0.00358653631830252,1.35041953765183,1.08578910393507,0.135723637991884,-0.0246340377587985,1.350417940064,1.12534828338666,1,,0.0026535364394407,0.0225632542516333,0.00628033032853155,0.0355719183649462,0.00116240934496836,0.00291327129527769,0.155492430306243,0.404542560837774,2.29506518923351,0.648381750580567,0.00388645985148171,17.9931898119247,0.856750418768975,10.7490194989661,0.756683557057409,0.0126113926176235,38,0.0196752029981262,1.12409810423122,3.14553404122423,0.0515801329428167,21,81,0.0555902560899438,0.00405076349131271,0.0258302397447868,"tau da torque_sens; pf dalla FK dell'URDF: l'origine puo' essere sfalsata di qualche mm rispetto al frame Simscape, lo scivolamento (moto relativo) non ne risente; Fleg e' il modulo: Fc ha solo la componente z, Fz_max_norm e' un limite superiore",-0.0002
C1,T3,T3,1,NaN,z0+0.0mm,15,0.0151669462824205,0.0291702677617016,0.160064029164548,0.329252556329929,-1.17726673378527,2.00650016251405,1.74364018514991,0.134126168088454,-0.0256316622636135,1.97930181031572,1.09961211684207,1,,0.00253085726813499,0.00473340378696715,0.00390918014698228,0.0101012025074167,0.00103999809460045,0.00280795267999787,0.152107931569623,0.398398516610115,1.91385983366797,0.683900003460203,0.00499807766243752,30.268695740809,0.96999475347007,10.8262842506002,1.17460253797828,0.0130511393108698,141,0.0509419454056132,0.749104969762942,2.97116493656286,0.0375902394463191,74,164,0.0695886197616301,0.00300243736016578,0.0211260315896163,"tau da torque_sens; pf dalla FK dell'URDF: l'origine puo' essere sfalsata di qualche mm rispetto al frame Simscape, lo scivolamento (moto relativo) non ne risente; Fleg e' il modulo: Fc ha solo la componente z, Fz_max_norm e' un limite superiore",0
C1,T3,T3,1,NaN,z0+0.2mm,15,0.0148012681596541,0.0305318777585732,0.166936623589562,0.345380905770986,-1.16436069962158,2.00050938071514,1.73796208615602,0.13368939124277,-0.0256295879984427,1.97046943956461,1.09470524420256,1,,0.00253332497400113,0.00474487961083683,0.00385884238924476,0.0101349920743612,0.00104095850924435,0.00280302783008426,0.152317964027999,0.398234432759526,1.92897934998677,0.686311766325102,0.00491264043743859,30.3217142466717,0.974603653369759,10.9047247867968,1.17474504333299,0.0130527227036999,133,0.0504293220556196,0.746639470412306,2.97078046905037,0.0378832076214594,64,154,0.0676662821991542,0.0030078121175677,0.0211411294494874,"tau da torque_sens; pf dalla FK dell'URDF: l'origine puo' essere sfalsata di qualche mm rispetto al frame Simscape, lo scivolamento (moto relativo) non ne risente; Fleg e' il modulo: Fc ha solo la componente z, Fz_max_norm e' un limite superiore",0.0002
C1,T3,T3,1,NaN,z0-0.2mm,15,0.0151642806861694,0.0298517002546057,0.164201289292174,0.338662083046089,-1.17270858709607,2.00574761450902,1.74418991936101,0.134168455335462,-0.0243735119317975,1.97695004656555,1.0983055814253,1,,0.00252996942591615,0.0047313097768865,0.00389581779058075,0.0100969726002157,0.00103934220721885,0.00280101900658891,0.151898503882905,0.397074534784212,1.89208798620193,0.678681186064553,0.00499807766243752,30.2362321431946,0.969317968184074,11.0349541774688,1.17822459163102,0.0130913843514557,137,0.0506856337306164,0.759669251155136,2.97308727412534,0.0386410086583881,68,158,0.0688196847366398,0.00300716988388314,0.0211165140328681,"tau da torque_sens; pf dalla FK dell'URDF: l'origine puo' essere sfalsata di qualche mm rispetto al frame Simscape, lo scivolamento (moto relativo) non ne risente; Fleg e' il modulo: Fc ha solo la componente z, Fz_max_norm e' un limite superiore",-0.0002
C2,T3,T3,1,NaN,z0+0.0mm,15,0.0198287704616403,0.0353614027075782,0.194245306757461,0.403524599922558,-1.10196681932995,1.98675322136742,1.72742583407298,0.132878910313306,-0.0237806147681884,1.9453421960856,1.080745664492,1,,0.0026724236506975,0.0214494764966622,0.00637731863608814,0.0323092416776054,0.00109357167981793,0.00298761224484281,0.155733782095437,0.390194300528062,2.59355634983286,0.625097346063135,0.00367380067495408,29.5631776089835,0.956801975397703,11.62267246917,1.24696892858074,0.0138552103175637,62,0.0212097911059849,1.07651825959619,3.14263744713572,0.0477590980503491,31,121,0.0530565167243368,0.00433716249631816,0.0257240611431072,"tau da torque_sens; pf dalla FK dell'URDF: l'origine puo' essere sfalsata di qualche mm rispetto al frame Simscape, lo scivolamento (moto relativo) non ne risente; Fleg e' il modulo: Fc ha solo la componente z, Fz_max_norm e' un limite superiore",0
C2,T3,T3,1,NaN,z0+0.2mm,15,0.020110988288288,0.0354483663291567,0.198566476220683,0.408161430672517,-1.10593016259642,1.98736246111642,1.73106168421033,0.133158591093102,-0.0206486003514819,1.94499712040046,1.08055395577803,1,,0.00281652176346499,0.02216247916804,0.00674996610964517,0.0364429358919071,0.00112759607393754,0.00301661181523549,0.155947016912788,0.391317353790018,2.27547547675078,0.62543138376593,0.00386603443120167,29.5740533245628,0.95686054196747,11.6995287197525,1.2757455068774,0.0141749500764156,53,0.0199282327310009,1.0479609512251,3.15340253748558,0.0511829248302639,30,120,0.0530565167243368,0.00435871218843936,0.0261014808808032,"tau da torque_sens; pf dalla FK dell'URDF: l'origine puo' essere sfalsata di qualche mm rispetto al frame Simscape, lo scivolamento (moto relativo) non ne risente; Fleg e' il modulo: Fc ha solo la componente z, Fz_max_norm e' un limite superiore",0.0002
C2,T3,T3,1,NaN,z0-0.2mm,15,0.0195989897573454,0.0332096012741494,0.182995925301034,0.378844859831479,-1.12595467377179,1.99282123251432,1.73311872220247,0.133316824784805,-0.0233332682133884,1.95647975633257,1.08693319796254,1,,0.00272101565579278,0.0212002615733743,0.00638126407728776,0.031927578960808,0.00109292622677105,0.00290500988581352,0.155461671330522,0.389299486422047,2.74494390017063,0.622215132599318,0.00386603443120167,29.2577142301555,0.944032462285521,11.9079547804513,1.25480970047508,0.0139423300052786,69,0.0213379469434833,1.16323836209476,3.14302191464821,0.0447357704550054,41,131,0.0507497116493656,0.00434277135642475,0.0256297625292265,"tau da torque_sens; pf dalla FK dell'URDF: l'origine puo' essere sfalsata di qualche mm rispetto al frame Simscape, lo scivolamento (moto relativo) non ne risente; Fleg e' il modulo: Fc ha solo la componente z, Fz_max_norm e' un limite superiore",-0.0002
